INSERT INTO customers (name, email, phone, address) VALUES
('אייל כהן', 'eyal@example.com', '054-1111111', 'רחוב הרצל 10, תל אביב'),
('נועה לוי', 'noa@example.com', '052-2222222', 'רחוב דיזנגוף 50, תל אביב'),
('דוד ישראלי', 'david@example.com', '050-3333333', 'שדרות רוטשילד 20, תל אביב'),
('מיכל פרידמן', 'michal@example.com', '058-4444444', 'רחוב הרצל 15, חיפה'),
('רוני ברק', 'roni@example.com', '053-5555555', 'רחוב הגפן 7, ירושלים'),
('עמית ששון', 'amit@example.com', '057-6666666', 'רחוב הארזים 12, נתניה'),
('תמר שחר', 'tamar@example.com', '056-7777777', 'רחוב האלונים 8, רחובות'),
('אריאל זיו', 'ariel@example.com', '055-8888888', 'רחוב הברושים 5, באר שבע'),
('יונתן חן', 'yonatan@example.com', '054-9999999', 'רחוב הנשיא 3, רעננה'),
('סיון מזרחי', 'sivan@example.com', '052-1010101', 'רחוב השקמה 22, ראשון לציון');


INSERT INTO categories (category_name) VALUES
('מחשבים'),
('טלפונים'),
('אביזרים לרכב'),
('ביגוד'),
('הנעלה'),
('ריהוט'),
('ציוד משרדי'),
('כלי עבודה'),
('צעצועים'),
('אלקטרוניקה');

INSERT INTO products (name, category_id, price, stock) VALUES
('מחשב נייד דל', 1, 3500.00, 10),
('טלפון סמסונג S22', 2, 2800.00, 15),
('מטען נייד לרכב', 3, 120.00, 30),
('חולצת פולו', 4, 80.00, 25),
('נעלי ספורט נייק', 5, 320.00, 20),
('שולחן עבודה', 6, 550.00, 8),
('עטים ג׳ל', 7, 15.00, 100),
('מברגה חשמלית', 8, 230.00, 12),
('לגו סט קלאסי', 9, 200.00, 18),
('אוזניות אלחוטיות', 10, 150.00, 22);

INSERT INTO orders (customer_id, total_price, payment_method) VALUES
(1, 3500.00, 'כרטיס אשראי'),
(2, 2800.00, 'ביט'),
(3, 120.00, 'העברה בנקאית'),
(4, 80.00, 'כרטיס אשראי'),
(5, 320.00, 'פייפאל'),
(6, 550.00, 'מזומן'),
(7, 15.00, 'כרטיס אשראי'),
(8, 230.00, 'ביט'),
(9, 200.00, 'מזומן'),
(10, 150.00, 'פייפאל');


INSERT INTO order_items (order_id, product_id, quantity, price_at_purchase) VALUES
(1, 1, 1, 3500.00),
(2, 2, 1, 2800.00),
(3, 3, 2, 120.00),
(4, 4, 3, 80.00),
(5, 5, 1, 320.00),
(6, 6, 1, 550.00),
(7, 7, 5, 15.00),
(8, 8, 1, 230.00),
(9, 9, 1, 200.00),
(10, 10, 2, 150.00);


INSERT INTO reviews (customer_id, product_id, rating, comment) VALUES
(1, 1, 5, 'מחשב מעולה!'),
(2, 2, 4, 'טלפון נחמד, אבל הסוללה חלשה'),
(3, 3, 5, 'מוצר מצוין במחיר זול'),
(4, 4, 3, 'הבד איכותי אך קצת קטן'),
(5, 5, 5, 'נעליים מאוד נוחות'),
(6, 6, 4, 'שולחן יציב, קל להרכבה'),
(7, 7, 5, 'עטים טובים, מחזיקים הרבה זמן'),
(8, 8, 4, 'מברגה עוצמתית, אבל הסוללה לא מחזיקה הרבה'),
(9, 9, 5, 'הילד שלי נהנה מאוד מהלגו הזה!'),
(10, 10, 5, 'אוזניות נוחות עם סאונד מעולה');

INSERT INTO ai_suggestions (suggestion_type, related_id, ai_generated_text) VALUES
('פרסום', 1, 'הגבר את התקציב ל-Google Ads כדי לשפר את המכירות'),
('מלאי', 2, 'המוצר נמכר מהר, מומלץ להזמין עוד יחידות'),
('שירות לקוחות', 3, 'לקוחות מתלוננים על איכות המוצר, כדאי לבדוק'),
('פרסום', 4, 'קמפיין ה-TikTok מניב תוצאות טובות, כדאי להמשיך'),
('שיווק', 5, 'לקוחות מבקשים צבעים נוספים למוצר זה'),
('שירות', 6, 'משלוחים מתעכבים, כדאי לבדוק'),
('מבצע', 7, 'מוצר זה נמכר טוב במבצעי הנחה'),
('שירות', 8, 'בקשות להחזרות רבות, יש לבדוק'),
('שיווק', 9, 'מומלץ לפרסם חוות דעת של לקוחות מרוצים'),
('פרסום', 10, 'הפרסומת ביוטיוב הביאה גידול במכירות');
